"age","education","employed_now","employed_wife","children","haafez_self","vjobs_self","mwage_self","mwage_others","outside_self","outside_others","outside_confidence","semiseg_self","semiseg_others","session","employed_3mos_out_fl","employed_now_out_fl","applied_out_fl","interviewed_out_fl","interview_sched_out_fl","driving_fl","outside_others_fl","matched","signed_up_number","condition2","college_deg","num_know_per","num_mfs_per","outside_guess","outside_objective","outside_wedge","outside_others_fl2","min_wage_fl_per","index","index_nobelief","index_econonly"
29,7,1,1,2,1,1,1,26,1,24,4,0,13,1,0,0,0,0,0,1,25,1,0,1,1,0,0,25,26.7857131958008,-1.78571319580078,0.833333313465118,0.100000001490116,1.00575140736535,-0.228913295083447,-0.887931512912497
18,3,1,0,0,1,1,0,25,1,23,4,1,24,1,0,0,0,0,0,1,25,1,0,0,0,0.966666638851166,0.16666667163372,24,26.7857131958008,-2.78571319580078,0.833333313465118,0.100000001490116,1.00575140736535,-0.228913295083447,-0.887931512912497
34,4,1,1,4,1,1,0,18,1,23,3,1,23,1,0,0,0,0,0,1,30,1,1,0,0,0.966666638851166,0.966666638851166,24,26.7857131958008,-2.78571319580078,1,0.0333333350718021,1.62864248297591,-0.228913295083447,-0.887931512912497
23,5,1,1,1,1,1,1,5,1,6,2,1,10,1,0,0,0,0,0,1,0,1,0,1,0,0.16666667163372,0.16666667163372,7,26.7857131958008,-19.7857131958008,0,0.5,-2.10870352516107,-0.228913295083447,-0.887931512912497
28,3,0,0,0,1,1,0,20,1,25,3,1,24,1,0,0,0,0,0,0,5,1,0,0,0,0,0,26,26.7857131958008,-0.785713195800781,0.16666667163372,0.100000001490116,-3.65833866401673,-2.40143945385887,-0.887931512912497
23,5,1,1,1,1,1,0,4,1,20,4,1,15,1,1,1,0,0,0,1,,0,0,0,0,0.16666667163372,0.16666667163372,21,26.7857131958008,-5.78571319580078,,,,3.3554225427009,2.69640432487185
18,3,1,0,1,1,1,1,15,1,19,5,1,26,1,0,0,0,0,0,0,2,1,0,0,0,0.966666638851166,0.966666638851166,20,26.7857131958008,-6.78571319580078,0.0666666701436043,0.233333334326744,-4.03207327039951,-2.40143945385887,-0.887931512912497
29,6,1,1,2,1,1,1,3,1,5,2,1,11,1,0,0,0,0,0,1,20,1,0,1,1,0.966666638851166,0.333333343267441,6,26.7857131958008,-20.7857131958008,0.666666686534882,1,0.382860554517977,-0.228913295083447,-0.887931512912497
20,3,1,1,2,1,1,0,12,1,22,3,1,14,1,0,0,0,0,0,1,10,1,0,1,0,0.966666638851166,0.333333343267441,23,26.7857131958008,-3.78571319580078,0.333333343267441,0,-0.862921485321545,-0.228913295083447,-0.887931512912497
35,3,1,1,3,0,1,0,19,1,15,4,1,25,1,0,0,0,0,0,1,20,1,1,1,0,0.333333343267441,0.666666686534882,16,26.7857131958008,-10.7857131958008,0.666666686534882,0.333333343267441,0.382860554517977,-0.228913295083447,-0.887931512912497
18,3,1,0,2,1,1,0,29,0,6,2,1,29,1,0,0,0,0,0,0,15,1,0,0,0,0.966666638851166,0.666666686534882,6,26.7857131958008,-20.7857131958008,0.5,0.233333334326744,-2.41255667986801,-2.40143945385887,-0.887931512912497
19,3,1,0,0,1,1,1,3,0,4,1,0,3,1,0,0,0,0,0,1,0,1,0,0,0,0.5,0.966666638851166,4,26.7857131958008,-22.7857131958008,0,0,-2.10870352516107,-0.228913295083447,-0.887931512912497
25,7,1,0,2,1,0,1,10,1,10,5,1,5,1,0,0,0,0,0,1,10,1,0,0,1,0.966666638851166,0.333333343267441,11,26.7857131958008,-15.7857131958008,0.333333343267441,0.466666668653488,-0.862921485321545,-0.228913295083447,-0.887931512912497
22,3,1,1,1,1,1,1,6,1,8,2,0,8,1,0,0,0,0,0,1,30,1,0,1,0,0.966666638851166,0.966666638851166,9,26.7857131958008,-17.7857131958008,1,0.666666686534882,1.62864248297591,-0.228913295083447,-0.887931512912497
25,5,1,1,1,0,0,0,16,1,24,4,1,14,1,0,0,1,0,0,1,15,1,0,1,0,0.16666667163372,0.966666638851166,25,26.7857131958008,-1.78571319580078,0.5,0.16666667163372,2.97808241317368,2.98919963918281,2.33018142135376
18,3,1,0,2,0,1,0,19,1,16,3,0,21,1,0,0,0,0,0,0,10,1,0,0,0,0.16666667163372,0.16666667163372,17,26.7857131958008,-9.78571319580078,0.333333343267441,0.200000002980232,-3.03544764409697,-2.40143945385887,-0.887931512912497
35,6,1,1,2,1,1,1,22,1,22,5,1,19,1,0,0,0,0,0,1,26,1,0,0,1,0.966666638851166,0.16666667163372,23,26.7857131958008,-3.78571319580078,0.866666674613953,0,1.13032971159274,-0.228913295083447,-0.887931512912497
26,5,1,1,2,1,0,1,14,1,10,2,1,16,2,0,0,0,0,0,1,5,1,1,0,0,0.333333343267441,0.333333343267441,11,29.1176452636719,-18.1176452636719,0.16666667163372,0.5,-1.48581250524131,-0.228913295083447,-0.887931512912497
20,3,1,1,0,1,1,1,29,1,15,4,1,20,2,1,1,0,0,0,1,5,1,0,0,0,0.966666638851166,0.16666667163372,16,29.1176452636719,-13.1176452636719,0.16666667163372,0.100000001490116,2.09852333254304,3.3554225427009,2.69640432487185
30,3,0,1,4,1,1,1,15,1,20,4,1,20,2,1,1,0,0,0,1,15,1,0,0,0,0.966666638851166,0,21,29.1176452636719,-8.11764526367188,0.5,0.666666686534882,3.34430531669176,3.3554225427009,2.69640432487185
32,5,1,0,4,0,1,1,12,1,13,3,1,21,2,0,0,0,0,0,1,6,1,0,1,0,0.966666638851166,0.966666638851166,14,29.1176452636719,-15.1176452636719,0.200000002980232,0.566666662693024,-1.36123431239551,-0.228913295083447,-0.887931512912497
18,3,1,0,0,1,1,1,3,1,10,5,1,16,2,,,,,,,,0,0,1,0,0,0.16666667163372,11,29.1176452636719,-18.1176452636719,,,,,
18,3,0,1,0,1,1,0,26,1,28,5,1,23,2,0,0,0,0,0,1,15,1,0,1,0,0.966666638851166,0.16666667163372,29,29.1176452636719,-0.117645263671875,0.5,0.266666680574417,-0.240030521092579,-0.228913295083447,-0.887931512912497
21,3,0,1,0,0,0,1,5,1,15,3,1,19,2,0,0,0,0,0,1,25,1,1,1,0,0.16666667163372,0.16666667163372,16,29.1176452636719,-13.1176452636719,0.833333313465118,0.100000001490116,1.00575140736535,-0.228913295083447,-0.887931512912497
26,6,1,0,0,1,1,1,27,1,25,4,1,22,2,0,0,0,0,0,1,10,1,0,0,1,0.666666686534882,0.333333343267441,26,29.1176452636719,-3.11764526367188,0.333333343267441,0.433333337306976,-0.862921485321545,-0.228913295083447,-0.887931512912497
25,6,0,0,0,1,1,1,23,1,26,5,0,13,2,0,1,1,1,0,1,26,1,1,1,1,0.966666638851166,0.16666667163372,27,29.1176452636719,-2.11764526367188,0.866666674613953,0.400000005960464,13.4895823077648,12.1303393010886,11.4713210832596
18,3,1,1,0,1,1,0,26,1,26,4,0,23,2,,,,,,,,0,0,1,0,0.833333313465118,0.16666667163372,27,29.1176452636719,-2.11764526367188,,,,,
33,3,1,1,4,1,1,1,21,1,17,3,0,13,2,1,1,0,0,0,1,15,1,0,0,0,0.966666638851166,0,18,29.1176452636719,-11.1176452636719,0.5,0.833333313465118,3.34430531669176,3.3554225427009,2.69640432487185
25,6,1,1,1,1,1,0,0,1,15,3,1,29,2,0,0,0,0,0,0,15,1,1,1,1,0.966666638851166,0.16666667163372,16,29.1176452636719,-13.1176452636719,0.5,0.433333337306976,-2.41255667986801,-2.40143945385887,-0.887931512912497
19,5,1,1,3,1,1,1,22,1,16,3,1,18,2,0,0,0,0,0,1,21,1,0,1,0,0.833333313465118,0.16666667163372,17,29.1176452636719,-12.1176452636719,0.699999988079071,0.666666686534882,0.50743863598218,-0.228913295083447,-0.887931512912497
19,5,1,1,3,1,1,1,9,1,10,4,1,16,2,0,0,0,0,0,0,,0,0,0,0,0.333333343267441,0.16666667163372,11,29.1176452636719,-18.1176452636719,,,,-2.40143945385887,-0.887931512912497
22,3,1,1,2,1,1,1,18,1,18,3,1,18,2,0,0,1,0,0,1,26,1,0,1,0,0.833333313465118,0.5,19,29.1176452636719,-10.1176452636719,0.866666674613953,0.666666686534882,4.34844264585899,2.98919963918281,2.33018142135376
24,5,1,1,2,1,1,1,25,1,27,4,1,26,2,0,0,0,0,0,0,,0,0,0,0,0.966666638851166,0.966666638851166,28,29.1176452636719,-1.11764526367188,,,,-2.40143945385887,-0.887931512912497
20,3,1,1,0,1,1,1,6,1,12,4,1,19,2,0,0,0,0,0,1,15,1,0,0,0,0.966666638851166,0.333333343267441,13,29.1176452636719,-16.1176452636719,0.5,0.333333343267441,-0.240030521092579,-0.228913295083447,-0.887931512912497
22,3,1,1,4,1,1,1,10,1,9,4,1,13,2,0,0,0,0,0,1,15,1,0,0,0,0.833333313465118,0.16666667163372,10,29.1176452636719,-19.1176452636719,0.5,0.5,-0.240030521092579,-0.228913295083447,-0.887931512912497
21,5,1,1,1,1,1,1,23,1,24,4,1,28,2,1,1,0,0,0,1,29,1,0,1,0,0.966666638851166,0.16666667163372,25,29.1176452636719,-4.11764526367188,0.966666638851166,0.266666680574417,5.08840001653287,3.3554225427009,2.69640432487185
23,5,1,1,1,1,1,1,24,1,28,4,1,28,2,0,0,0,0,0,0,4,1,1,0,0,0.966666638851166,0.966666638851166,29,29.1176452636719,-0.117645263671875,0.133333340287209,0.333333343267441,-3.78291685686253,-2.40143945385887,-0.887931512912497
18,3,1,0,0,1,1,0,28,1,28,5,0,28,2,0,0,0,0,0,0,30,1,0,1,0,0.833333313465118,0.16666667163372,29,29.1176452636719,-0.117645263671875,1,0.833333313465118,-0.543883675799518,-2.40143945385887,-0.887931512912497
27,6,1,1,3,1,1,1,25,1,20,4,1,20,2,0,0,0,0,0,0,25,1,0,1,1,0.833333313465118,0.666666686534882,21,29.1176452636719,-8.11764526367188,0.833333313465118,0.233333334326744,-1.16677475141007,-2.40143945385887,-0.887931512912497
24,3,1,0,2,1,1,1,26,0,25,3,1,27,2,0,0,0,0,0,1,10,1,1,0,0,0,0,25,29.1176452636719,-4.11764526367188,0.333333343267441,0.200000002980232,-0.862921485321545,-0.228913295083447,-0.887931512912497
29,5,1,0,0,1,1,0,20,1,23,3,1,25,2,0,0,0,0,0,0,3,1,0,0,0,0.966666638851166,0.966666638851166,24,29.1176452636719,-5.11764526367188,0.100000001490116,0.16666667163372,-3.90749507755372,-2.40143945385887,-0.887931512912497
21,3,0,0,3,0,0,0,22,1,19,1,1,29,2,,,,,,,,0,0,0,0,0.16666667163372,0.16666667163372,20,29.1176452636719,-9.11764526367188,,,,,
19,3,1,1,2,1,1,1,12,1,28,4,1,19,2,0,0,0,0,0,1,2,1,0,0,0,0.966666638851166,0.16666667163372,29,29.1176452636719,-0.117645263671875,0.0666666701436043,0.16666667163372,-1.85954711162408,-0.228913295083447,-0.887931512912497
19,3,1,1,0,1,1,0,28,1,28,5,0,27,2,0,0,0,0,0,1,24,1,0,0,0,0.833333313465118,0.16666667163372,29,29.1176452636719,-0.117645263671875,0.800000011920929,0.266666680574417,0.88117332590115,-0.228913295083447,-0.887931512912497
34,8,1,1,3,1,0,1,22,1,23,3,1,20,2,0,0,1,0,0,1,25,1,1,1,1,0.966666638851166,0.5,24,29.1176452636719,-5.11764526367188,0.833333313465118,0.333333343267441,4.22386434163161,2.98919963918281,2.33018142135376
18,3,1,0,0,1,1,0,29,1,23,5,1,24,2,,,,,,,,0,0,0,0,0.833333313465118,0.16666667163372,24,29.1176452636719,-5.11764526367188,,,,,
20,5,1,0,1,1,1,1,29,1,26,3,0,17,3,0,0,1,0,0,1,15,1,1,1,0,0.966666638851166,0.966666638851166,27,27.9310359954834,-0.931035995483398,0.5,1,2.97808241317368,2.98919963918281,2.33018142135376
21,3,1,1,1,1,1,1,22,1,22,3,1,17,3,0,0,0,0,0,1,28,1,0,1,0,0.966666638851166,0.666666686534882,23,27.9310359954834,-4.9310359954834,0.933333337306976,0.333333343267441,1.37948609728432,-0.228913295083447,-0.887931512912497
19,8,1,1,3,1,1,1,3,1,9,2,1,3,3,0,0,0,0,0,0,4,1,0,0,1,0.966666638851166,0.966666638851166,10,27.9310359954834,-17.9310359954834,0.133333340287209,0.200000002980232,-3.78291685686253,-2.40143945385887,-0.887931512912497
28,5,1,1,3,1,1,1,19,1,23,2,1,22,3,0,0,0,0,0,1,0,1,1,1,0,0.16666667163372,0.16666667163372,24,27.9310359954834,-3.9310359954834,0,0.133333340287209,-2.10870352516107,-0.228913295083447,-0.887931512912497
24,3,1,1,1,1,1,1,23,1,25,5,1,24,3,0,0,0,0,0,1,0,1,1,1,0,0.966666638851166,0,26,27.9310359954834,-1.9310359954834,0,0,-2.10870352516107,-0.228913295083447,-0.887931512912497
21,3,1,1,1,1,1,1,13,1,16,5,1,16,3,,,,,,,,0,1,0,0,0.966666638851166,0.333333343267441,17,27.9310359954834,-10.9310359954834,,,,,
25,6,1,0,1,0,1,1,19,1,16,3,1,18,3,0,0,0,0,0,0,10,1,0,1,1,0.966666638851166,0.966666638851166,17,27.9310359954834,-10.9310359954834,0.333333343267441,0.666666686534882,-3.03544764409697,-2.40143945385887,-0.887931512912497
20,3,1,1,1,1,1,1,16,1,22,5,1,20,3,0,0,0,0,0,1,10,1,0,1,0,0.966666638851166,0.16666667163372,23,27.9310359954834,-4.9310359954834,0.333333343267441,0.5,-0.862921485321545,-0.228913295083447,-0.887931512912497
20,3,1,1,1,1,0,1,6,1,8,3,1,8,3,0,0,0,0,0,0,25,1,0,0,0,0.333333343267441,0.333333343267441,9,27.9310359954834,-18.9310359954834,0.833333313465118,,-1.16677475141007,-2.40143945385887,-0.887931512912497
22,3,0,1,3,1,0,1,16,1,16,3,1,16,3,0,0,0,0,0,0,,0,0,0,0,0.966666638851166,0,17,27.9310359954834,-10.9310359954834,,,,-2.40143945385887,-0.887931512912497
20,3,1,1,1,1,1,0,6,1,6,3,1,6,3,,,,,,,,0,0,0,0,0.966666638851166,0.966666638851166,7,27.9310359954834,-20.9310359954834,,,,,
26,7,1,1,2,1,0,1,16,1,9,2,1,17,3,1,0,0,0,0,1,20,1,1,1,1,0.966666638851166,0.666666686534882,10,27.9310359954834,-17.9310359954834,0.666666686534882,1,0.382860554517977,-0.228913295083447,-0.887931512912497
21,3,1,1,1,1,0,0,16,1,13,4,1,16,3,0,0,0,0,0,1,10,1,1,0,0,0.966666638851166,0.333333343267441,14,27.9310359954834,-13.9310359954834,0.333333343267441,0.5,-0.862921485321545,-0.228913295083447,-0.887931512912497
24,3,1,0,2,1,1,0,29,0,27,5,1,27,3,,,,,,,,0,0,0,0,0.16666667163372,0.16666667163372,27,27.9310359954834,-0.931035995483398,,,,,
25,5,1,1,1,1,1,0,14,1,11,2,1,8,3,0,0,1,0,0,1,25,1,1,1,0,0.966666638851166,0.966666638851166,12,27.9310359954834,-15.9310359954834,0.833333313465118,0.5,4.22386434163161,2.98919963918281,2.33018142135376
20,3,1,1,2,1,1,1,19,1,20,4,1,16,3,0,0,0,0,0,0,15,1,0,0,0,0.966666638851166,0.966666638851166,21,27.9310359954834,-6.9310359954834,0.5,0,-2.41255667986801,-2.40143945385887,-0.887931512912497
22,3,1,0,1,1,0,1,18,1,14,3,1,9,3,0,0,0,0,0,1,30,1,0,0,0,0.966666638851166,0.966666638851166,15,27.9310359954834,-12.9310359954834,1,0.366666674613953,1.62864248297591,-0.228913295083447,-0.887931512912497
19,3,1,1,1,1,1,1,4,1,19,3,1,11,3,0,0,0,0,0,1,7,1,0,0,0,0,0.16666667163372,20,27.9310359954834,-7.9310359954834,0.233333334326744,0.333333343267441,-1.23665611954972,-0.228913295083447,-0.887931512912497
20,5,1,1,1,1,1,1,20,1,13,3,1,13,3,0,0,0,0,0,1,10,1,0,0,0,0.966666638851166,0,14,27.9310359954834,-13.9310359954834,0.333333343267441,0.5,-0.862921485321545,-0.228913295083447,-0.887931512912497
19,3,1,0,0,1,1,1,0,1,0,1,1,0,3,,,,,,,,0,0,0,0,0.966666638851166,0.966666638851166,1,27.9310359954834,-26.9310359954834,,,,,
19,3,1,1,1,1,1,1,16,1,18,3,1,16,3,0,0,0,0,0,1,19,1,0,1,0,0.966666638851166,0,19,27.9310359954834,-8.9310359954834,0.633333325386047,0.266666680574417,0.258282250290593,-0.228913295083447,-0.887931512912497
25,5,1,1,1,1,1,1,29,1,13,2,1,0,3,1,0,0,0,0,1,15,1,0,0,0,0,0.16666667163372,14,27.9310359954834,-13.9310359954834,0.5,0.0333333350718021,-0.240030521092579,-0.228913295083447,-0.887931512912497
18,3,1,1,1,1,1,1,29,1,28,5,1,29,4,0,0,1,0,0,1,25,1,1,1,0,0,0.966666638851166,29,29,0,0.833333313465118,0.16666667163372,4.22386434163161,2.98919963918281,2.33018142135376
18,3,1,1,1,1,1,1,0,1,0,1,1,0,4,0,0,0,0,0,1,12,1,0,0,0,0,0,1,29,-28,0.400000005960464,0,-0.613765099629959,-0.228913295083447,-0.887931512912497
18,3,1,1,1,1,1,1,2,1,6,2,1,5,4,0,0,0,0,0,0,17,1,0,0,0,0.966666638851166,0.966666638851166,7,29,-22,0.566666662693024,,-2.16340029417642,-2.40143945385887,-0.887931512912497
27,6,1,1,0,1,1,1,29,1,19,5,1,29,4,0,0,0,0,0,1,5,1,0,0,1,0.966666638851166,0,20,29,-9,0.16666667163372,1,-1.48581250524131,-0.228913295083447,-0.887931512912497
18,3,1,1,0,1,1,1,13,0,9,3,1,16,4,0,0,1,1,0,1,15,1,0,1,0,0.16666667163372,0.16666667163372,9,29,-20,0.5,0.666666686534882,8.53488623729514,8.54600346330427,7.88698524547522
18,3,0,1,0,1,1,1,10,1,14,3,1,9,4,1,1,0,0,0,1,15,1,1,1,0,0.16666667163372,0.16666667163372,15,29,-14,0.5,0,3.34430531669176,3.3554225427009,2.69640432487185
34,5,1,1,2,1,1,1,1,1,0,5,1,29,4,1,1,0,0,0,1,10,1,1,0,0,0.966666638851166,0.666666686534882,1,29,-28,0.333333343267441,0.16666667163372,2.7214143524628,3.3554225427009,2.69640432487185
27,7,1,1,3,1,1,1,0,1,23,4,1,22,4,0,0,0,0,0,1,6,1,0,0,1,0.966666638851166,0.16666667163372,24,29,-5,0.200000002980232,0.133333340287209,-1.36123431239551,-0.228913295083447,-0.887931512912497
23,6,0,1,1,1,0,0,15,1,22,4,1,2,4,0,0,0,0,0,1,25,1,1,0,1,0.966666638851166,0.966666638851166,23,29,-6,0.833333313465118,0.666666686534882,1.00575140736535,-0.228913295083447,-0.887931512912497
20,5,1,1,2,1,1,1,16,1,12,3,1,23,4,0,0,0,0,0,0,30,1,0,0,0,0.16666667163372,0.16666667163372,13,29,-16,1,0.600000023841858,-0.543883675799518,-2.40143945385887,-0.887931512912497
23,3,1,1,2,1,1,1,19,1,15,4,1,18,4,,,,,,,,0,1,1,0,0.966666638851166,0,16,29,-13,,,,,
24,6,1,1,3,1,1,1,13,1,16,4,1,29,4,0,0,0,0,0,1,30,1,1,1,1,0.5,0.5,17,29,-12,1,0.333333343267441,1.62864248297591,-0.228913295083447,-0.887931512912497
19,5,1,1,1,1,1,1,5,1,4,2,1,5,4,,,,,,,,0,0,0,0,0,0.16666667163372,5,29,-24,,,,,
19,5,1,1,0,1,1,0,7,1,20,3,1,10,4,,,,,,,,0,0,1,0,0.966666638851166,0,21,29,-8,,,,,
24,6,1,1,0,1,1,1,19,1,0,1,1,0,4,0,0,0,0,0,1,25,1,1,1,1,0.966666638851166,0.966666638851166,1,29,-28,0.833333313465118,0.933333337306976,1.00575140736535,-0.228913295083447,-0.887931512912497
24,5,1,1,2,1,1,0,10,1,15,3,1,20,4,,,,,,,,0,0,1,0,0.16666667163372,0.333333343267441,16,29,-13,,,,,
25,6,0,0,2,1,0,1,29,1,25,4,1,29,4,,,,,,,,0,0,1,1,0.966666638851166,0.966666638851166,26,29,-3,,,,,
23,6,1,1,1,1,1,1,4,1,14,3,1,12,4,,,,,,,,0,0,1,1,0.333333343267441,0.333333343267441,15,29,-14,,,,,
20,3,0,1,0,1,1,1,17,1,19,4,1,29,4,0,0,0,0,0,1,20,1,0,1,0,0.16666667163372,0.966666638851166,20,29,-9,0.666666686534882,0.5,0.382860554517977,-0.228913295083447,-0.887931512912497
26,5,1,1,1,1,0,0,17,1,19,4,1,19,4,0,0,1,0,0,1,7,1,0,0,0,0.966666638851166,0.966666638851166,20,29,-9,0.233333334326744,0.5,1.98145681471654,2.98919963918281,2.33018142135376
25,6,1,1,0,1,1,0,26,1,19,4,1,27,4,0,0,0,0,0,1,15,1,0,1,1,0.666666686534882,0.666666686534882,20,29,-9,0.5,0.5,-0.240030521092579,-0.228913295083447,-0.887931512912497
30,6,1,1,2,1,1,1,23,1,24,5,1,25,4,0,0,0,0,0,0,20,1,0,0,1,0.966666638851166,0.16666667163372,25,29,-4,0.666666686534882,0.16666667163372,-1.78966560425745,-2.40143945385887,-0.887931512912497
19,3,0,0,0,0,0,1,0,1,0,1,1,29,4,0,0,0,0,0,0,11,1,0,1,0,0.966666638851166,0.333333343267441,1,29,-28,0.366666674613953,,-2.91086945125118,-2.40143945385887,-0.887931512912497
18,9,1,1,1,1,1,1,0,1,0,1,1,0,4,,,,,,,,0,0,1,1,0.966666638851166,0.966666638851166,1,29,-28,,,,,
24,5,1,1,1,1,1,1,7,1,15,4,1,8,5,0,0,0,0,0,0,15,1,0,0,0,0.16666667163372,0.16666667163372,16,30,-14,0.5,1,-2.41255667986801,-2.40143945385887,-0.887931512912497
24,5,1,1,1,1,1,1,29,1,29,5,1,29,5,0,0,0,0,0,1,15,1,1,1,0,0,0.16666667163372,30,30,0,0.5,0.600000023841858,-0.240030521092579,-0.228913295083447,-0.887931512912497
25,6,1,1,1,1,1,1,10,1,14,3,1,10,5,0,0,0,0,0,1,15,1,0,0,1,0.16666667163372,0.16666667163372,15,30,-15,0.5,1,-0.240030521092579,-0.228913295083447,-0.887931512912497
27,6,1,1,3,1,1,1,28,1,28,4,1,28,5,0,0,0,0,0,1,25,1,1,0,1,0.16666667163372,0.333333343267441,29,30,-1,0.833333313465118,0.333333343267441,1.00575140736535,-0.228913295083447,-0.887931512912497
21,5,1,1,1,1,1,1,29,1,29,5,1,29,5,0,0,0,0,0,1,30,1,1,0,0,0.333333343267441,0.5,30,30,0,1,0.833333313465118,1.62864248297591,-0.228913295083447,-0.887931512912497
23,6,1,1,0,1,1,1,14,1,13,5,1,15,5,0,0,0,0,0,0,9,1,0,1,1,0.16666667163372,0.16666667163372,14,30,-16,0.300000011920929,,-3.16002583694277,-2.40143945385887,-0.887931512912497
23,6,1,1,0,1,1,1,5,1,12,1,1,14,5,1,1,0,0,0,1,15,1,0,0,1,0.333333343267441,0.333333343267441,13,30,-17,0.5,0.5,3.34430531669176,3.3554225427009,2.69640432487185
24,6,1,0,2,0,1,0,5,1,5,3,1,29,5,0,0,1,0,0,1,15,1,0,1,1,0.16666667163372,0.16666667163372,6,30,-24,0.5,0.666666686534882,2.97808241317368,2.98919963918281,2.33018142135376
23,6,1,1,1,1,1,1,2,1,1,1,1,2,5,1,0,1,0,1,1,20,1,1,1,1,0.333333343267441,0.333333343267441,2,30,-28,0.666666686534882,0.733333349227905,23.3240564121003,22.7122825624988,22.0532643446698
20,3,1,1,0,1,1,1,10,1,10,3,1,7,5,0,0,0,0,0,1,10,1,0,0,0,0.16666667163372,0.16666667163372,11,30,-19,0.333333343267441,0.0666666701436043,-0.862921485321545,-0.228913295083447,-0.887931512912497
22,6,1,1,1,1,0,1,23,1,29,5,1,29,5,0,0,0,0,0,0,15,1,0,1,1,0,0,30,30,0,0.5,0.666666686534882,-2.41255667986801,-2.40143945385887,-0.887931512912497
21,6,1,1,1,1,1,1,21,1,22,4,1,20,5,1,0,0,0,0,1,20,1,0,0,1,0.5,0.833333313465118,23,30,-7,0.666666686534882,0.333333343267441,0.382860554517977,-0.228913295083447,-0.887931512912497
20,5,0,0,0,1,1,1,6,1,20,3,1,18,5,0,0,1,1,0,1,15,1,1,1,0,0.16666667163372,0.16666667163372,21,30,-9,0.5,0.666666686534882,8.53488623729514,8.54600346330427,7.88698524547522
22,5,0,0,0,1,1,1,3,1,12,3,1,8,5,0,0,0,0,0,1,5,1,0,0,0,0.16666667163372,0.16666667163372,13,30,-17,0.16666667163372,0.5,-1.48581250524131,-0.228913295083447,-0.887931512912497
24,6,1,1,2,1,1,1,11,1,0,1,1,0,5,1,1,0,0,0,0,30,1,1,0,1,0.16666667163372,0.16666667163372,1,30,-29,1,1,3.04045216198483,1.18289638392547,2.69640432487185
24,6,1,1,1,1,1,1,26,1,22,4,1,24,5,,,,,,,,0,1,0,1,0.16666667163372,0.16666667163372,23,30,-7,,,,,
25,7,1,1,2,1,1,1,26,1,26,5,1,26,5,0,0,0,0,0,1,10,1,1,1,1,0.16666667163372,0.16666667163372,27,30,-3,0.333333343267441,,-0.862921485321545,-0.228913295083447,-0.887931512912497
22,6,1,1,2,1,1,1,23,1,24,5,1,23,5,0,0,0,0,0,1,15,1,0,1,1,0.333333343267441,0.333333343267441,25,30,-5,0.5,0.5,-0.240030521092579,-0.228913295083447,-0.887931512912497
25,6,1,1,2,1,1,1,24,1,29,5,1,29,5,0,0,0,0,0,1,30,1,1,0,1,0.333333343267441,0.333333343267441,30,30,0,1,0.0333333350718021,1.62864248297591,-0.228913295083447,-0.887931512912497
21,6,1,1,1,1,1,1,20,1,29,5,1,29,5,0,0,0,0,0,1,30,1,1,1,1,0.16666667163372,0.16666667163372,30,30,0,1,0.5,1.62864248297591,-0.228913295083447,-0.887931512912497
22,6,1,1,0,1,1,1,29,1,15,5,1,22,5,0,0,0,0,0,1,5,1,1,0,1,0.666666686534882,0.5,16,30,-14,0.16666667163372,0.533333361148834,-1.48581250524131,-0.228913295083447,-0.887931512912497
27,6,1,1,1,1,1,1,26,1,24,5,1,21,5,0,0,0,0,0,1,30,1,1,0,1,0,0,25,30,-5,1,0.333333343267441,1.62864248297591,-0.228913295083447,-0.887931512912497
23,5,1,1,1,1,0,1,16,1,10,3,0,6,5,0,0,0,0,0,1,7,1,0,0,0,0.16666667163372,0.333333343267441,11,30,-19,0.233333334326744,0.333333343267441,-1.23665611954972,-0.228913295083447,-0.887931512912497
27,6,1,1,3,1,1,1,6,1,17,3,1,20,5,0,0,1,0,0,1,15,1,0,1,1,0.16666667163372,0,18,30,-12,0.5,0.100000001490116,2.97808241317368,2.98919963918281,2.33018142135376
24,6,1,1,2,1,1,1,1,1,4,1,1,0,5,1,1,0,0,0,1,15,1,0,0,1,0.966666638851166,0.966666638851166,5,30,-25,0.5,0.0666666701436043,3.34430531669176,3.3554225427009,2.69640432487185
27,6,0,0,0,1,0,0,2,1,29,5,0,2,5,0,0,1,0,0,0,0,1,0,1,1,0.5,0.333333343267441,30,30,0,0,0.466666668653488,-1.06311674967024,0.816673480407384,2.33018142135376
27,6,1,1,1,1,0,1,29,1,28,5,1,26,5,,,,,,,,0,1,1,1,0.966666638851166,0.16666667163372,29,30,-1,,,,,
24,6,1,1,1,1,1,1,16,1,1,4,1,0,6,0,0,0,0,0,1,15,1,1,1,1,0,0.16666667163372,2,28.8461532592773,-26.8461532592773,0.5,0.566666662693024,-0.240030521092579,-0.228913295083447,-0.887931512912497
25,6,1,1,2,1,1,1,24,1,15,5,1,16,6,0,0,0,0,0,1,15,1,0,0,1,0.966666638851166,0.666666686534882,16,28.8461532592773,-12.8461532592773,0.5,0.5,-0.240030521092579,-0.228913295083447,-0.887931512912497
30,6,1,1,2,1,1,1,3,1,3,3,1,15,6,0,0,0,0,0,1,15,1,0,1,1,0.16666667163372,0.16666667163372,4,28.8461532592773,-24.8461532592773,0.5,0.16666667163372,-0.240030521092579,-0.228913295083447,-0.887931512912497
26,6,1,1,2,1,1,0,29,1,24,4,1,23,6,0,0,0,0,0,1,10,1,0,1,1,0,0,25,28.8461532592773,-3.84615325927734,0.333333343267441,0.16666667163372,-0.862921485321545,-0.228913295083447,-0.887931512912497
27,6,1,1,0,1,0,1,6,1,19,4,0,17,6,0,0,0,0,0,1,12,1,1,0,1,0,0,20,28.8461532592773,-8.84615325927734,0.400000005960464,0.266666680574417,-0.613765099629959,-0.228913295083447,-0.887931512912497
29,6,1,1,2,1,1,1,13,1,20,5,1,14,6,0,0,1,0,0,1,10,1,1,0,1,0,0,21,28.8461532592773,-7.84615325927734,0.333333343267441,0.533333361148834,2.35519144894471,2.98919963918281,2.33018142135376
23,3,1,0,1,0,1,1,23,0,23,2,1,19,6,0,0,0,0,0,1,20,1,1,1,0,0.16666667163372,0.333333343267441,23,28.8461532592773,-5.84615325927734,0.666666686534882,0.833333313465118,0.382860554517977,-0.228913295083447,-0.887931512912497
25,6,1,1,2,1,1,1,10,1,10,3,1,11,6,0,0,0,0,0,1,5,1,1,0,1,0,0,11,28.8461532592773,-17.8461532592773,0.16666667163372,0.300000011920929,-1.48581250524131,-0.228913295083447,-0.887931512912497
23,6,1,1,0,1,1,1,12,1,20,3,1,10,6,0,0,0,0,0,1,10,1,0,1,1,0.16666667163372,0.16666667163372,21,28.8461532592773,-7.84615325927734,0.333333343267441,0.266666680574417,-0.862921485321545,-0.228913295083447,-0.887931512912497
27,6,0,0,0,1,0,1,5,1,8,1,0,6,6,0,0,1,0,0,0,10,1,0,0,1,0,0,9,28.8461532592773,-19.8461532592773,0.333333343267441,0.16666667163372,0.182665290169285,0.816673480407384,2.33018142135376
20,5,1,0,1,1,1,1,7,1,10,3,1,13,6,0,0,0,0,0,1,28,1,0,1,0,0.333333343267441,0.16666667163372,11,28.8461532592773,-17.8461532592773,0.933333337306976,0.100000001490116,1.37948609728432,-0.228913295083447,-0.887931512912497
30,6,1,1,0,1,1,1,23,1,26,4,1,29,6,0,0,0,0,0,1,25,1,1,0,1,0,0,27,28.8461532592773,-1.84615325927734,0.833333313465118,0.666666686534882,1.00575140736535,-0.228913295083447,-0.887931512912497
25,6,1,1,2,1,1,1,7,1,6,2,1,29,6,1,0,0,0,0,0,15,1,0,1,1,0.16666667163372,0.333333343267441,7,28.8461532592773,-21.8461532592773,0.5,0.266666680574417,-2.41255667986801,-2.40143945385887,-0.887931512912497
22,6,1,1,1,1,1,1,29,1,25,4,1,26,6,0,0,0,0,0,0,15,1,0,0,1,0.966666638851166,0.16666667163372,26,28.8461532592773,-2.84615325927734,0.5,0.233333334326744,-2.41255667986801,-2.40143945385887,-0.887931512912497
25,6,1,1,2,1,1,1,20,1,18,4,1,20,6,0,0,0,0,0,1,30,1,0,0,1,0.16666667163372,0.16666667163372,19,28.8461532592773,-9.84615325927734,1,1,1.62864248297591,-0.228913295083447,-0.887931512912497
22,6,1,1,0,1,1,1,16,1,16,3,1,16,6,0,0,0,0,0,0,30,1,1,1,1,0.5,0.5,17,28.8461532592773,-11.8461532592773,1,0,-0.543883675799518,-2.40143945385887,-0.887931512912497
26,5,1,0,0,1,1,0,6,1,23,5,1,16,6,0,0,0,0,0,1,15,1,0,0,0,0,0,24,28.8461532592773,-4.84615325927734,0.5,0.533333361148834,-0.240030521092579,-0.228913295083447,-0.887931512912497
21,5,1,1,0,1,1,1,3,1,10,5,1,20,6,0,0,0,0,0,1,10,1,0,1,0,0,0,11,28.8461532592773,-17.8461532592773,0.333333343267441,0.333333343267441,-0.862921485321545,-0.228913295083447,-0.887931512912497
23,6,1,1,1,1,1,1,26,1,26,5,1,26,6,0,0,0,0,0,1,15,1,0,1,1,0.666666686534882,0.16666667163372,27,28.8461532592773,-1.84615325927734,0.5,0.333333343267441,-0.240030521092579,-0.228913295083447,-0.887931512912497
25,6,1,1,2,1,1,1,10,1,21,3,1,20,7,,,,,,,,0,0,1,1,0,0.16666667163372,22,24.4444446563721,-2.44444465637207,,,,,
20,9,1,1,2,1,1,0,14,0,7,1,0,0,7,0,0,0,0,0,1,15,1,0,0,1,0.16666667163372,0,7,24.4444446563721,-17.4444446563721,0.5,0.5,-0.240030521092579,-0.228913295083447,-0.887931512912497
25,6,1,0,0,0,1,1,7,1,10,2,1,10,7,0,0,0,0,0,0,10,1,0,0,1,0.333333343267441,0.333333343267441,11,24.4444446563721,-13.4444446563721,0.333333343267441,0.333333343267441,-3.03544764409697,-2.40143945385887,-0.887931512912497
27,6,1,0,3,1,0,1,12,0,9,4,1,17,7,0,0,0,0,0,0,1,1,0,0,1,0.966666638851166,0.16666667163372,9,24.4444446563721,-15.4444446563721,0.0333333350718021,0.266666680574417,-4.156651477168,-2.40143945385887,-0.887931512912497
27,7,1,1,2,1,1,1,16,1,17,3,1,29,7,0,0,0,0,0,0,15,1,0,0,1,0.16666667163372,0.16666667163372,18,24.4444446563721,-6.44444465637207,0.5,0.300000011920929,-2.41255667986801,-2.40143945385887,-0.887931512912497
22,7,1,1,0,1,1,0,13,1,13,3,1,10,7,0,0,0,0,0,1,30,1,0,0,1,0.5,0.333333343267441,14,24.4444446563721,-10.4444446563721,1,0.833333313465118,1.62864248297591,-0.228913295083447,-0.887931512912497
28,6,1,0,2,1,0,0,7,0,1,3,0,2,7,0,0,0,0,0,1,15,1,0,1,1,0.833333313465118,0.16666667163372,1,24.4444446563721,-23.4444446563721,0.5,0.666666686534882,-0.240030521092579,-0.228913295083447,-0.887931512912497
22,5,1,0,0,1,1,1,10,0,6,5,1,19,7,0,0,1,0,0,1,21,1,0,1,0,0.666666686534882,0.16666667163372,6,24.4444446563721,-18.4444446563721,0.699999988079071,0.666666686534882,3.72555157024844,2.98919963918281,2.33018142135376
25,6,1,1,4,1,1,1,27,1,21,3,1,23,7,0,0,0,0,0,1,15,1,1,1,1,0.5,0.333333343267441,22,24.4444446563721,-2.44444465637207,0.5,0.333333343267441,-0.240030521092579,-0.228913295083447,-0.887931512912497
28,6,1,0,2,0,1,0,3,1,16,3,0,9,7,0,0,0,0,0,1,20,1,0,1,1,0.966666638851166,0,17,24.4444446563721,-7.44444465637207,0.666666686534882,0.16666667163372,0.382860554517977,-0.228913295083447,-0.887931512912497
28,5,1,1,1,1,0,1,23,1,13,3,1,17,7,,,,,,,,0,0,1,0,0.333333343267441,0.16666667163372,14,24.4444446563721,-10.4444446563721,,,,,
25,5,1,1,1,1,1,1,23,1,7,1,1,1,7,0,0,0,0,0,1,10,1,1,0,0,0.966666638851166,0.16666667163372,8,24.4444446563721,-16.4444446563721,0.333333343267441,0.5,-0.862921485321545,-0.228913295083447,-0.887931512912497
25,6,0,0,1,0,1,1,23,1,16,1,1,29,7,,,,,,,,0,0,0,1,0.833333313465118,0.16666667163372,17,24.4444446563721,-7.44444465637207,,,,,
28,5,1,1,2,1,1,0,15,1,3,4,1,6,7,0,0,0,0,0,0,10,1,0,1,0,0.833333313465118,0.333333343267441,4,24.4444446563721,-20.4444446563721,0.333333343267441,0.333333343267441,-3.03544764409697,-2.40143945385887,-0.887931512912497
30,6,1,0,0,1,1,0,19,1,16,3,1,29,7,0,0,1,1,0,0,15,1,0,1,1,0.666666686534882,0.666666686534882,17,24.4444446563721,-7.44444465637207,0.5,1,6.36236007851971,6.37347730452884,7.88698524547522
22,3,0,1,2,1,1,1,8,1,5,2,1,7,7,0,0,0,0,0,1,15,1,0,1,0,0.833333313465118,0.5,6,24.4444446563721,-18.4444446563721,0.5,0.200000002980232,-0.240030521092579,-0.228913295083447,-0.887931512912497
28,6,1,0,3,0,1,0,12,0,6,2,1,16,7,0,0,0,0,0,0,29,1,0,0,1,0.966666638851166,0.16666667163372,6,24.4444446563721,-18.4444446563721,0.966666638851166,,-0.668461980026902,-2.40143945385887,-0.887931512912497
28,6,1,0,0,0,1,1,15,1,14,3,1,16,7,0,0,0,0,0,1,10,1,0,1,1,0,0,15,24.4444446563721,-9.44444465637207,0.333333343267441,0.200000002980232,-0.862921485321545,-0.228913295083447,-0.887931512912497
26,3,1,1,1,1,1,0,10,1,20,4,1,10,7,0,0,0,0,0,0,20,1,0,0,0,0.16666667163372,0.16666667163372,21,24.4444446563721,-3.44444465637207,0.666666686534882,0.333333343267441,-1.78966560425745,-2.40143945385887,-0.887931512912497
25,6,1,1,0,1,1,1,16,1,25,2,1,19,8,,,,,,,,0,0,0,1,0,0.16666667163372,26,29,-3,,,,,
28,6,1,1,1,1,1,0,9,1,18,3,0,11,8,,,,,,,,0,0,0,1,0.16666667163372,0.16666667163372,19,29,-10,,,,,
23,6,1,0,0,1,0,0,14,1,24,2,1,15,8,,,,,,,,0,0,0,1,0.966666638851166,0.333333343267441,25,29,-4,,,,,
20,6,1,1,1,1,1,1,20,1,10,3,1,15,8,0,0,0,0,0,0,7,1,0,1,1,0.966666638851166,0,11,29,-18,0.233333334326744,0.400000005960464,-3.40918227832515,-2.40143945385887,-0.887931512912497
22,3,1,0,1,1,1,1,16,1,15,3,1,9,8,,,,,,,,0,0,1,0,0.333333343267441,0.16666667163372,16,29,-13,,,,,
30,6,1,1,3,1,1,1,3,1,6,2,1,6,8,,,,,,,,0,0,1,1,0.966666638851166,0.16666667163372,7,29,-22,,,,,
20,5,0,0,0,1,1,1,25,1,25,3,1,29,8,0,0,0,0,0,0,12,1,1,0,0,0.966666638851166,0.16666667163372,26,29,-3,0.400000005960464,0.333333343267441,-2.78629125840539,-2.40143945385887,-0.887931512912497
24,6,1,1,3,1,1,0,9,1,6,3,1,11,8,0,0,0,0,0,1,7,1,1,1,1,0.833333313465118,0.333333343267441,7,29,-22,0.233333334326744,0.333333343267441,-1.23665611954972,-0.228913295083447,-0.887931512912497
24,6,1,1,1,1,1,0,16,1,17,2,1,5,8,,,,,,,,0,1,0,1,0.16666667163372,0.333333343267441,18,29,-11,,,,,
24,6,1,1,2,1,0,0,13,1,19,3,1,21,8,,,,,,,,0,0,0,1,0.833333313465118,0.16666667163372,20,29,-9,,,,,
25,6,1,0,4,1,1,1,26,0,26,4,1,29,8,,,,,,,,0,1,1,1,0.966666638851166,0.966666638851166,26,29,-3,,,,,
23,6,0,1,0,1,0,1,23,1,24,4,1,20,8,1,1,0,0,0,1,6,1,1,1,1,0.333333343267441,0.333333343267441,25,29,-4,0.200000002980232,0.300000011920929,2.22310152538883,3.3554225427009,2.69640432487185
25,6,1,0,1,1,1,0,23,1,23,4,1,19,8,0,0,0,0,0,0,10,1,0,1,1,0.16666667163372,0.16666667163372,24,29,-5,0.333333343267441,0.100000001490116,-3.03544764409697,-2.40143945385887,-0.887931512912497
20,5,1,0,0,1,1,0,13,1,19,4,1,5,8,0,0,0,0,0,1,5,1,0,0,0,0.966666638851166,0.16666667163372,20,29,-9,0.16666667163372,0.200000002980232,-1.48581250524131,-0.228913295083447,-0.887931512912497
35,6,1,1,2,1,1,1,15,1,28,4,1,22,8,0,0,0,0,0,1,30,1,1,1,1,0.5,0.16666667163372,29,29,0,1,0.333333343267441,1.62864248297591,-0.228913295083447,-0.887931512912497
25,6,1,1,0,1,1,0,15,1,20,3,1,15,8,,,,,,,,0,1,1,1,0.16666667163372,0.16666667163372,21,29,-8,,,,,
25,6,1,1,7,0,0,1,14,1,9,3,0,23,8,,,,,,,,0,0,0,1,0.16666667163372,0.333333343267441,10,29,-19,,,,,
24,6,1,1,2,1,1,1,19,1,26,5,1,23,8,,,,,,,,0,0,0,1,0.833333313465118,0.16666667163372,27,29,-2,,,,,
30,7,1,1,2,1,1,1,10,1,25,4,1,27,8,0,0,0,0,0,1,14,1,0,1,1,0.966666638851166,0.333333343267441,26,29,-3,0.466666668653488,0.266666680574417,-0.364608713938372,-0.228913295083447,-0.887931512912497
25,6,1,1,0,1,1,0,0,1,23,5,1,29,8,,,,,,,,0,0,1,1,0.16666667163372,0,24,29,-5,,,,,
28,6,1,0,1,0,1,0,26,1,26,3,1,16,8,0,0,0,0,0,1,15,1,1,1,1,0.16666667163372,0.16666667163372,27,29,-2,0.5,0.5,-0.240030521092579,-0.228913295083447,-0.887931512912497
25,6,1,1,2,1,1,1,10,1,16,4,1,16,8,,,,,,,,0,0,0,1,0.966666638851166,0.666666686534882,17,29,-12,,,,,
25,6,0,0,0,0,0,1,16,1,13,3,0,6,8,0,0,0,0,0,1,15,1,1,1,1,0.333333343267441,0.16666667163372,14,29,-15,0.5,0,-0.240030521092579,-0.228913295083447,-0.887931512912497
22,5,1,0,0,1,0,0,15,0,11,3,0,14,9,0,0,0,0,0,0,0,1,0,0,0,0.16666667163372,0.5,11,26.0869560241699,-15.0869560241699,0,0.16666667163372,-4.28122968393649,-2.40143945385887,-0.887931512912497
22,6,1,1,2,1,1,1,29,1,8,2,1,7,9,0,0,0,0,0,0,5,1,0,0,1,0.966666638851166,0.16666667163372,9,26.0869560241699,-17.0869560241699,0.16666667163372,0.5,-3.65833866401673,-2.40143945385887,-0.887931512912497
21,5,0,0,0,1,1,0,25,1,7,5,1,13,9,0,0,1,0,0,1,5,1,1,1,0,0.333333343267441,0.16666667163372,8,26.0869560241699,-18.0869560241699,0.16666667163372,0.400000005960464,1.73230042902495,2.98919963918281,2.33018142135376
26,6,1,1,1,1,1,1,22,1,20,3,1,27,9,0,0,1,0,0,1,15,1,0,0,1,0.16666667163372,0.16666667163372,21,26.0869560241699,-5.08695602416992,0.5,0.666666686534882,2.97808241317368,2.98919963918281,2.33018142135376
25,3,1,1,2,1,1,1,4,1,8,2,1,6,9,0,0,0,0,0,1,10,1,0,1,0,0,0.16666667163372,9,26.0869560241699,-17.0869560241699,0.333333343267441,0.5,-0.862921485321545,-0.228913295083447,-0.887931512912497
25,6,1,1,2,1,1,1,7,1,7,2,1,6,9,0,0,0,0,0,0,3,1,1,0,1,0.333333343267441,0.333333343267441,8,26.0869560241699,-18.0869560241699,0.100000001490116,0.533333361148834,-3.90749507755372,-2.40143945385887,-0.887931512912497
20,3,0,1,0,1,1,1,2,1,2,2,1,2,9,0,0,0,0,0,1,10,1,0,0,0,0,0,3,26.0869560241699,-23.0869560241699,0.333333343267441,0.333333343267441,-0.862921485321545,-0.228913295083447,-0.887931512912497
27,7,1,0,2,1,1,0,6,1,21,1,1,3,9,0,0,0,0,0,0,,0,0,1,1,0.333333343267441,0.16666667163372,22,26.0869560241699,-4.08695602416992,,,,-2.40143945385887,-0.887931512912497
19,3,1,0,0,1,1,0,22,1,20,5,1,23,9,0,0,0,0,0,1,25,1,1,1,0,0.16666667163372,0.16666667163372,21,26.0869560241699,-5.08695602416992,0.833333313465118,0.333333343267441,1.00575140736535,-0.228913295083447,-0.887931512912497
23,5,1,1,0,1,1,1,23,1,23,4,1,21,9,0,0,0,0,0,1,10,1,1,1,0,0,0.16666667163372,24,26.0869560241699,-2.08695602416992,0.333333343267441,0.5,-0.862921485321545,-0.228913295083447,-0.887931512912497
22,3,0,0,0,1,0,0,29,0,1,3,1,29,9,0,0,0,0,0,1,10,1,0,0,0,0.833333313465118,0.16666667163372,1,26.0869560241699,-25.0869560241699,0.333333343267441,0.5,-0.862921485321545,-0.228913295083447,-0.887931512912497
18,3,0,0,0,1,0,1,10,1,21,3,0,5,9,0,0,0,0,0,0,10,1,0,0,0,0.966666638851166,0.16666667163372,22,26.0869560241699,-4.08695602416992,0.333333343267441,0.333333343267441,-3.03544764409697,-2.40143945385887,-0.887931512912497
32,6,1,1,2,1,1,1,6,1,4,2,1,4,9,0,0,0,0,0,1,10,1,0,0,1,0.16666667163372,0.5,5,26.0869560241699,-21.0869560241699,0.333333343267441,1,-0.862921485321545,-0.228913295083447,-0.887931512912497
23,3,1,0,0,1,1,0,29,1,11,3,1,29,9,0,0,0,0,0,1,12,1,1,0,0,0,0.16666667163372,12,26.0869560241699,-14.0869560241699,0.400000005960464,0.233333334326744,-0.613765099629959,-0.228913295083447,-0.887931512912497
28,8,1,0,0,1,1,1,5,1,2,2,1,5,9,0,0,1,0,0,1,25,1,0,1,1,0.16666667163372,0,3,26.0869560241699,-23.0869560241699,0.833333313465118,0.666666686534882,4.22386434163161,2.98919963918281,2.33018142135376
19,3,1,1,2,1,1,1,21,1,17,3,1,18,9,0,0,1,1,0,1,25,1,1,1,0,0.966666638851166,0.16666667163372,18,26.0869560241699,-8.08695602416992,0.833333313465118,0.5,9.78066816575307,8.54600346330427,7.88698524547522
20,5,0,0,0,0,1,1,29,0,10,3,0,16,9,0,0,0,0,0,1,10,1,1,0,0,0.16666667163372,0,10,26.0869560241699,-16.0869560241699,0.333333343267441,0.666666686534882,-0.862921485321545,-0.228913295083447,-0.887931512912497
35,3,1,0,4,1,1,0,28,1,15,5,1,29,9,0,0,0,0,0,1,15,1,1,1,0,0.5,0.5,16,26.0869560241699,-10.0869560241699,0.5,0.666666686534882,-0.240030521092579,-0.228913295083447,-0.887931512912497
25,5,0,0,0,0,0,1,20,1,20,4,1,20,10,0,0,0,0,0,0,5,1,0,0,0,0.966666638851166,0,21,24.8275871276855,-3.82758712768555,0.16666667163372,0.233333334326744,-3.65833866401673,-2.40143945385887,-0.887931512912497
21,3,1,0,0,1,0,1,20,0,1,2,0,21,10,0,0,1,0,0,1,20,1,0,1,0,0.966666638851166,0,1,24.8275871276855,-23.8275871276855,0.666666686534882,0.400000005960464,3.60097348878423,2.98919963918281,2.33018142135376
,4,0,0,0,0,1,1,3,0,2,5,0,1,10,0,1,1,1,0,0,0,1,0,1,0,0.16666667163372,0,2,24.8275871276855,-22.8275871276855,0,0.0333333350718021,8.07802291223557,9.95781314231319,11.4713210832596
23,5,1,1,6,1,0,1,6,1,20,3,1,4,10,1,1,0,0,0,1,20,1,0,1,0,0.333333343267441,0.333333343267441,21,24.8275871276855,-3.82758712768555,0.666666686534882,1,3.96719639230232,3.3554225427009,2.69640432487185
20,3,1,0,0,1,1,0,10,0,18,3,1,18,10,0,0,0,0,0,1,24,1,0,1,0,0.966666638851166,0.333333343267441,18,24.8275871276855,-6.82758712768555,0.800000011920929,1,0.88117332590115,-0.228913295083447,-0.887931512912497
28,3,1,1,3,1,1,1,11,1,14,2,1,10,10,1,1,0,0,0,0,25,1,0,1,0,0.16666667163372,0.16666667163372,15,24.8275871276855,-9.82758712768555,0.833333313465118,0,2.41756108637427,1.18289638392547,2.69640432487185
20,3,0,0,0,1,1,0,0,1,0,1,1,0,10,0,0,0,0,0,1,10,1,0,0,0,0,0,1,24.8275871276855,-23.8275871276855,0.333333343267441,0.5,-0.862921485321545,-0.228913295083447,-0.887931512912497
28,5,1,1,5,1,1,1,13,1,9,4,1,17,10,0,0,0,0,0,1,10,1,0,0,0,0.16666667163372,0.16666667163372,10,24.8275871276855,-14.8275871276855,0.333333343267441,0.5,-0.862921485321545,-0.228913295083447,-0.887931512912497
25,6,1,1,3,1,1,1,14,1,1,1,1,1,10,0,0,0,0,0,0,12,1,0,0,1,0.5,0.5,2,24.8275871276855,-22.8275871276855,0.400000005960464,0.933333337306976,-2.78629125840539,-2.40143945385887,-0.887931512912497
23,3,1,1,2,1,1,1,15,1,15,3,1,15,10,0,0,1,0,0,1,20,1,0,1,0,0.16666667163372,0.16666667163372,16,24.8275871276855,-8.82758712768555,0.666666686534882,0.5,3.60097348878423,2.98919963918281,2.33018142135376
21,3,0,0,2,1,1,1,14,1,18,3,0,16,10,0,0,0,0,0,1,10,1,0,0,0,0.333333343267441,0.16666667163372,19,24.8275871276855,-5.82758712768555,0.333333343267441,0.133333340287209,-0.862921485321545,-0.228913295083447,-0.887931512912497
20,3,0,0,0,1,1,1,16,0,19,3,1,16,10,0,0,0,0,0,1,10,1,0,1,0,0.966666638851166,0.966666638851166,19,24.8275871276855,-5.82758712768555,0.333333343267441,0.5,-0.862921485321545,-0.228913295083447,-0.887931512912497
20,5,1,1,2,1,1,1,22,1,17,2,1,19,10,,,,,,,,0,0,0,0,0.833333313465118,0.666666686534882,18,24.8275871276855,-6.82758712768555,,,,,
21,3,1,0,0,1,1,1,16,1,12,3,1,15,10,0,1,1,1,0,1,10,1,1,0,0,0.966666638851166,0.966666638851166,13,24.8275871276855,-11.8275871276855,0.333333343267441,0.16666667163372,11.4963311108505,12.1303393010886,11.4713210832596
18,3,1,1,0,1,1,1,16,1,3,3,1,4,10,0,0,0,0,0,1,15,1,0,1,0,0,0.16666667163372,4,24.8275871276855,-20.8275871276855,0.5,0.333333343267441,-0.240030521092579,-0.228913295083447,-0.887931512912497
25,3,1,0,2,1,1,1,9,1,11,3,1,24,10,,,,,,,,0,0,0,0,0.333333343267441,0.333333343267441,12,24.8275871276855,-12.8275871276855,,,,,
25,6,1,0,1,1,0,1,10,1,11,3,1,20,10,0,0,0,0,0,1,5,1,0,1,1,0.16666667163372,0.16666667163372,12,24.8275871276855,-12.8275871276855,0.16666667163372,0.333333343267441,-1.48581250524131,-0.228913295083447,-0.887931512912497
24,6,1,0,1,1,1,0,29,1,20,4,0,17,10,0,0,0,0,0,0,20,1,0,0,1,0.966666638851166,0.16666667163372,21,24.8275871276855,-3.82758712768555,0.666666686534882,0.666666686534882,-1.78966560425745,-2.40143945385887,-0.887931512912497
21,5,0,1,0,1,1,1,6,1,9,3,1,13,10,0,0,0,0,0,0,,0,1,1,0,0.333333343267441,0.16666667163372,10,24.8275871276855,-14.8275871276855,,,,-2.40143945385887,-0.887931512912497
22,5,1,1,8,1,0,1,13,1,8,3,1,13,10,0,0,0,0,0,1,10,1,0,0,0,0.16666667163372,0.16666667163372,9,24.8275871276855,-15.8275871276855,0.333333343267441,0.16666667163372,-0.862921485321545,-0.228913295083447,-0.887931512912497
30,6,1,0,2,0,1,1,10,0,17,4,1,20,10,0,0,0,0,0,1,10,1,0,0,1,0,0.333333343267441,17,24.8275871276855,-7.82758712768555,0.333333343267441,1,-0.862921485321545,-0.228913295083447,-0.887931512912497
25,5,1,0,4,1,1,1,18,1,16,3,0,9,10,0,0,0,0,0,1,10,1,0,0,0,0.16666667163372,0,17,24.8275871276855,-7.82758712768555,0.333333343267441,0.266666680574417,-0.862921485321545,-0.228913295083447,-0.887931512912497
19,3,0,0,0,1,0,1,6,1,19,4,0,6,10,0,0,0,0,0,0,15,1,0,0,0,0.333333343267441,0.16666667163372,20,24.8275871276855,-4.82758712768555,0.5,0.16666667163372,-2.41255667986801,-2.40143945385887,-0.887931512912497
26,5,1,0,1,1,1,1,6,0,17,3,1,10,11,0,0,0,0,0,0,2,1,0,0,0,0.966666638851166,0.666666686534882,17,23.4375,-6.4375,0.0666666701436043,0.400000005960464,-4.03207327039951,-2.40143945385887,-0.887931512912497
23,5,1,0,1,1,1,1,14,1,21,2,1,9,11,1,1,0,0,0,1,15,1,0,0,0,0.333333343267441,0.5,22,23.4375,-1.4375,0.5,0.333333343267441,3.34430531669176,3.3554225427009,2.69640432487185
22,5,1,0,1,0,1,0,10,1,21,4,1,29,11,0,0,0,0,0,1,30,1,0,0,0,0.666666686534882,0.333333343267441,22,23.4375,-1.4375,1,0.16666667163372,1.62864248297591,-0.228913295083447,-0.887931512912497
23,7,1,1,8,0,1,0,16,0,11,3,0,17,11,0,0,0,0,0,1,25,1,1,1,1,0.333333343267441,0.966666638851166,11,23.4375,-12.4375,0.833333313465118,0.400000005960464,1.00575140736535,-0.228913295083447,-0.887931512912497
23,4,0,0,0,1,1,0,20,1,18,5,0,8,11,,,,,,,,0,0,1,0,0.333333343267441,0.16666667163372,19,23.4375,-4.4375,,,,,
19,5,1,0,0,1,1,1,20,1,20,3,1,20,11,,,,,,,,0,0,1,0,0.333333343267441,0.16666667163372,21,23.4375,-2.4375,,,,,
26,6,1,0,1,0,1,0,26,1,16,3,1,28,11,0,0,0,0,0,1,15,1,0,0,1,0.16666667163372,0.966666638851166,17,23.4375,-6.4375,0.5,0,-0.240030521092579,-0.228913295083447,-0.887931512912497
28,6,1,0,3,1,0,1,13,1,19,3,1,9,11,0,0,0,0,0,1,15,1,0,0,1,0.16666667163372,0.966666638851166,20,23.4375,-3.4375,0.5,0.233333334326744,-0.240030521092579,-0.228913295083447,-0.887931512912497
23,6,1,1,2,0,1,1,16,1,20,4,1,16,11,0,0,0,0,0,1,20,1,0,0,1,0.666666686534882,0.666666686534882,21,23.4375,-2.4375,0.666666686534882,0.100000001490116,0.382860554517977,-0.228913295083447,-0.887931512912497
26,6,1,0,1,1,1,1,18,1,18,5,1,18,11,0,0,0,0,0,1,30,1,0,1,1,0.16666667163372,0.16666667163372,19,23.4375,-4.4375,1,0.666666686534882,1.62864248297591,-0.228913295083447,-0.887931512912497
24,5,1,1,2,1,1,1,19,1,13,2,1,26,11,,,,,,,,0,1,1,0,0.5,0.333333343267441,14,23.4375,-9.4375,,,,,
,1,1,0,10,1,1,0,15,0,15,3,0,14,11,0,1,1,1,0,1,5,1,0,0,0,0.666666686534882,0.333333343267441,15,23.4375,-8.4375,0.16666667163372,0.333333343267441,10.8734400909308,12.1303393010886,11.4713210832596
,1,0,1,11,0,0,0,15,0,21,3,0,23,11,0,0,0,0,0,0,10,1,0,1,0,0.966666638851166,0.966666638851166,21,23.4375,-2.4375,0.333333343267441,0.5,-3.03544764409697,-2.40143945385887,-0.887931512912497
23,6,1,1,2,1,1,1,9,1,14,4,1,14,11,0,0,0,0,0,0,0,1,1,0,1,0.16666667163372,0.966666638851166,15,23.4375,-8.4375,0,0.5,-4.28122968393649,-2.40143945385887,-0.887931512912497
24,6,0,0,2,1,0,1,28,1,17,4,1,24,11,,,,,,,,0,0,0,1,0.833333313465118,0.966666638851166,18,23.4375,-5.4375,,,,,
19,3,1,0,2,1,1,0,17,1,21,4,1,17,11,0,0,0,0,0,1,25,1,0,1,0,0.966666638851166,0.16666667163372,22,23.4375,-1.4375,0.833333313465118,0.333333343267441,1.00575140736535,-0.228913295083447,-0.887931512912497
22,4,1,1,2,1,1,0,18,0,15,3,0,13,11,,,,,,,,0,0,1,0,0.966666638851166,0.966666638851166,15,23.4375,-8.4375,,,,,
,1,0,0,0,0,0,0,12,0,11,2,0,0,11,,,,,,,,0,0,1,0,0,0,11,23.4375,-12.4375,,,,,
24,6,1,1,0,1,1,1,5,1,12,4,1,20,11,0,0,0,0,0,1,30,1,1,1,1,0.16666667163372,0.16666667163372,13,23.4375,-10.4375,1,0,1.62864248297591,-0.228913295083447,-0.887931512912497
19,3,1,1,2,1,1,1,11,1,10,2,1,10,11,0,0,0,0,0,1,5,1,0,0,0,0.666666686534882,0.333333343267441,11,23.4375,-12.4375,0.16666667163372,0,-1.48581250524131,-0.228913295083447,-0.887931512912497
25,5,1,0,2,1,1,1,4,1,6,5,1,18,11,0,0,0,0,0,0,0,1,0,0,0,0.16666667163372,0.966666638851166,7,23.4375,-16.4375,0,0.400000005960464,-4.28122968393649,-2.40143945385887,-0.887931512912497
20,5,1,0,3,1,1,1,13,1,8,2,1,5,12,0,0,0,0,0,1,30,1,0,1,0,0,0.16666667163372,9,23.3333339691162,-14.3333339691162,1,0,1.62864248297591,-0.228913295083447,-0.887931512912497
25,5,1,0,4,0,1,0,3,0,14,4,1,20,12,0,1,1,1,0,1,15,1,0,1,0,0.5,0.333333343267441,14,23.3333339691162,-9.33333396911621,0.5,0.666666686534882,12.1192220750795,12.1303393010886,11.4713210832596
28,5,1,0,1,1,0,0,19,1,10,3,1,16,12,0,0,1,0,0,0,10,1,0,1,0,0.16666667163372,0.16666667163372,11,23.3333339691162,-12.3333339691162,0.333333343267441,0,0.182665290169285,0.816673480407384,2.33018142135376
25,6,1,1,0,1,1,1,5,1,11,2,1,4,12,0,1,1,1,0,1,10,1,1,1,1,0.333333343267441,0.16666667163372,12,23.3333339691162,-11.3333339691162,0.333333343267441,0.16666667163372,11.4963311108505,12.1303393010886,11.4713210832596
29,6,1,1,4,1,1,1,15,0,9,2,1,7,12,0,0,0,0,0,1,10,1,0,0,1,0.16666667163372,0.966666638851166,9,23.3333339691162,-14.3333339691162,0.333333343267441,0,-0.862921485321545,-0.228913295083447,-0.887931512912497
25,6,1,1,0,1,1,1,4,1,10,4,1,29,12,0,0,0,0,0,0,10,1,1,0,1,0.16666667163372,0,11,23.3333339691162,-12.3333339691162,0.333333343267441,0.899999976158142,-3.03544764409697,-2.40143945385887,-0.887931512912497
,9,1,1,11,1,0,0,17,0,14,3,0,14,12,0,0,0,0,0,1,10,1,0,0,1,0.666666686534882,0.833333313465118,14,23.3333339691162,-9.33333396911621,0.333333343267441,0.666666686534882,-0.862921485321545,-0.228913295083447,-0.887931512912497
27,6,1,0,2,1,0,0,2,0,3,1,0,1,12,0,0,1,0,0,0,2,1,0,0,1,0,0.16666667163372,3,23.3333339691162,-20.3333339691162,0.0666666701436043,0.16666667163372,-0.813960336133253,0.816673480407384,2.33018142135376
29,6,1,0,8,1,1,1,27,1,20,3,1,24,12,0,0,0,0,0,0,15,1,0,0,1,0.666666686534882,0.16666667163372,21,23.3333339691162,-2.33333396911621,0.5,0.899999976158142,-2.41255667986801,-2.40143945385887,-0.887931512912497
28,6,1,1,2,1,1,1,13,1,10,2,1,6,12,0,0,0,0,0,1,15,1,1,0,1,0.333333343267441,0.16666667163372,11,23.3333339691162,-12.3333339691162,0.5,0.333333343267441,-0.240030521092579,-0.228913295083447,-0.887931512912497
,2,0,0,0,0,0,0,0,0,0,1,0,0,12,0,0,0,0,0,0,5,1,0,1,0,0,0,0,23.3333339691162,-23.3333339691162,0.16666667163372,0.16666667163372,-3.65833866401673,-2.40143945385887,-0.887931512912497
27,5,1,0,2,1,0,0,10,0,7,3,1,5,12,0,0,0,0,0,0,3,1,0,0,0,0.16666667163372,0,7,23.3333339691162,-16.3333339691162,0.100000001490116,0.5,-3.90749507755372,-2.40143945385887,-0.887931512912497
26,6,1,1,3,1,0,1,16,1,18,4,1,17,12,0,0,0,0,0,1,15,1,1,1,1,0,0.16666667163372,19,23.3333339691162,-4.33333396911621,0.5,0.233333334326744,-0.240030521092579,-0.228913295083447,-0.887931512912497
33,7,1,1,6,1,1,0,25,1,14,3,1,20,13,0,0,0,0,0,1,25,1,0,1,1,0.966666638851166,0.16666667163372,15,25.384614944458,-10.384614944458,0.833333313465118,0.666666686534882,1.00575140736535,-0.228913295083447,-0.887931512912497
32,6,1,0,4,1,1,1,13,1,7,3,1,10,13,,,,,,,,0,0,1,1,0,0,8,25.384614944458,-17.384614944458,,,,,
21,6,1,1,4,1,1,1,15,1,13,3,1,11,13,1,1,0,0,0,1,10,1,0,1,1,0,0.16666667163372,14,25.384614944458,-11.384614944458,0.333333343267441,0.333333343267441,2.7214143524628,3.3554225427009,2.69640432487185
26,5,1,1,1,1,1,1,5,1,9,2,1,9,13,0,0,0,0,0,1,10,1,0,0,0,0.16666667163372,0.966666638851166,10,25.384614944458,-15.384614944458,0.333333343267441,0.833333313465118,-0.862921485321545,-0.228913295083447,-0.887931512912497
27,6,0,0,0,1,1,1,29,1,19,5,1,25,13,0,0,0,0,0,1,10,1,0,0,1,0.5,0.16666667163372,20,25.384614944458,-5.38461494445801,0.333333343267441,1,-0.862921485321545,-0.228913295083447,-0.887931512912497
22,5,1,1,2,1,1,1,10,1,10,5,1,10,13,0,0,0,0,0,0,25,1,1,1,0,0.16666667163372,0.966666638851166,11,25.384614944458,-14.384614944458,0.833333313465118,0.16666667163372,-1.16677475141007,-2.40143945385887,-0.887931512912497
23,6,1,1,0,1,1,0,15,1,14,4,1,11,13,0,0,0,0,0,1,25,1,0,1,1,0.833333313465118,0.833333313465118,15,25.384614944458,-10.384614944458,0.833333313465118,0.400000005960464,1.00575140736535,-0.228913295083447,-0.887931512912497
33,7,1,1,4,1,1,1,0,1,3,2,1,29,13,0,0,0,0,0,0,5,1,1,0,1,0,0.16666667163372,4,25.384614944458,-21.384614944458,0.16666667163372,0.333333343267441,-3.65833866401673,-2.40143945385887,-0.887931512912497
20,6,1,1,1,1,1,1,10,1,14,3,1,14,13,1,1,0,0,0,1,14,1,0,1,1,0.16666667163372,0.966666638851166,15,25.384614944458,-10.384614944458,0.466666668653488,0.733333349227905,3.21972712384597,3.3554225427009,2.69640432487185
24,6,1,1,2,1,1,1,17,1,18,3,1,18,13,0,0,0,0,0,1,30,1,0,0,1,0.16666667163372,0.16666667163372,19,25.384614944458,-6.38461494445801,1,0.266666680574417,1.62864248297591,-0.228913295083447,-0.887931512912497
22,5,0,0,2,1,1,1,6,0,2,2,1,9,13,0,0,0,0,0,1,25,1,0,1,0,0.16666667163372,0.333333343267441,2,25.384614944458,-23.384614944458,0.833333313465118,0.16666667163372,1.00575140736535,-0.228913295083447,-0.887931512912497
20,6,1,0,3,1,1,1,26,1,20,2,1,6,13,0,0,0,0,0,1,15,1,1,1,1,0.16666667163372,0,21,25.384614944458,-4.38461494445801,0.5,0.0666666701436043,-0.240030521092579,-0.228913295083447,-0.887931512912497
21,5,1,0,1,1,0,0,0,0,2,4,1,23,13,0,0,0,0,0,1,10,1,1,1,0,0.833333313465118,0.16666667163372,2,25.384614944458,-23.384614944458,0.333333343267441,0.833333313465118,-0.862921485321545,-0.228913295083447,-0.887931512912497
22,5,0,0,1,1,1,1,10,1,13,3,1,20,13,0,0,0,0,0,1,8,1,1,0,0,0.333333343267441,0.16666667163372,14,25.384614944458,-11.384614944458,0.266666680574417,0.333333343267441,-1.11207787101313,-0.228913295083447,-0.887931512912497
27,6,1,1,2,1,1,1,10,1,15,3,1,9,13,0,0,0,0,0,0,10,1,0,0,1,0,0,16,25.384614944458,-9.38461494445801,0.333333343267441,0.5,-3.03544764409697,-2.40143945385887,-0.887931512912497
20,5,0,0,0,1,0,0,16,0,25,5,1,20,13,0,0,1,0,0,1,14,1,0,0,0,0,0.333333343267441,25,25.384614944458,-0.384614944458008,0.466666668653488,0.300000011920929,2.85350422032788,2.98919963918281,2.33018142135376
21,6,1,1,4,1,1,1,12,1,20,3,1,14,13,0,0,0,0,0,1,20,1,1,1,1,0.16666667163372,0.16666667163372,21,25.384614944458,-4.38461494445801,0.666666686534882,0.16666667163372,0.382860554517977,-0.228913295083447,-0.887931512912497
20,6,0,1,3,1,0,0,3,1,3,2,1,5,13,0,0,0,0,0,1,10,1,0,1,1,0.16666667163372,0.16666667163372,4,25.384614944458,-21.384614944458,0.333333343267441,0.5,-0.862921485321545,-0.228913295083447,-0.887931512912497
27,6,1,0,1,1,1,1,26,1,20,4,1,29,13,0,0,0,0,0,0,5,1,1,0,1,0,0.16666667163372,21,25.384614944458,-4.38461494445801,0.16666667163372,0.16666667163372,-3.65833866401673,-2.40143945385887,-0.887931512912497
27,6,1,1,1,1,1,1,4,1,9,2,1,22,13,0,0,0,0,0,0,10,1,0,1,1,0.16666667163372,0.16666667163372,10,25.384614944458,-15.384614944458,0.333333343267441,,-3.03544764409697,-2.40143945385887,-0.887931512912497
29,6,1,1,1,1,1,0,20,1,8,3,0,13,14,0,0,0,0,0,1,7,1,0,0,1,0.966666638851166,0.16666667163372,9,26,-17,0.233333334326744,0.5,-1.23665611954972,-0.228913295083447,-0.887931512912497
28,7,1,0,0,0,1,0,10,1,10,4,1,16,14,0,0,0,0,0,1,15,1,0,0,1,0.966666638851166,0.5,11,26,-15,0.5,0.200000002980232,-0.240030521092579,-0.228913295083447,-0.887931512912497
26,6,1,1,1,1,1,0,13,1,22,4,1,23,14,,,,,,,,0,0,0,1,0.966666638851166,0.16666667163372,23,26,-3,,,,,
22,6,1,0,0,1,1,0,29,0,14,4,1,14,14,,,,,,,,0,0,1,1,0.966666638851166,0.16666667163372,14,26,-12,,,,,
30,7,1,1,3,1,1,1,29,1,6,2,1,27,14,0,0,0,0,0,1,30,1,1,1,1,0.966666638851166,0.966666638851166,7,26,-19,1,0.833333313465118,1.62864248297591,-0.228913295083447,-0.887931512912497
23,6,1,1,2,1,1,1,29,1,5,2,1,14,14,0,0,0,0,0,1,15,1,0,1,1,0.966666638851166,0.333333343267441,6,26,-20,0.5,0.666666686534882,-0.240030521092579,-0.228913295083447,-0.887931512912497
29,6,1,1,3,1,0,0,13,1,14,3,0,21,14,0,0,0,0,0,1,10,1,1,0,1,0.16666667163372,0,15,26,-11,0.333333343267441,0.5,-0.862921485321545,-0.228913295083447,-0.887931512912497
30,5,0,1,11,1,1,0,10,0,13,2,1,11,14,,,,,,,,0,0,1,0,0.966666638851166,0.5,13,26,-13,,,,,
20,6,1,0,0,1,1,1,14,1,13,4,1,20,14,0,0,0,0,0,0,5,1,0,0,1,0.966666638851166,0.16666667163372,14,26,-12,0.16666667163372,0.16666667163372,-3.65833866401673,-2.40143945385887,-0.887931512912497
28,6,1,1,1,1,1,0,29,1,25,4,1,29,14,0,0,0,0,0,1,30,1,0,0,1,0,0,26,26,0,1,0.333333343267441,1.62864248297591,-0.228913295083447,-0.887931512912497
21,5,0,0,4,1,1,1,29,1,18,3,1,16,14,0,0,0,0,0,1,20,1,1,1,0,0.833333313465118,0.966666638851166,19,26,-7,0.666666686534882,0.333333343267441,0.382860554517977,-0.228913295083447,-0.887931512912497
30,7,1,1,4,1,1,0,15,1,15,3,1,15,14,0,0,0,0,0,1,15,1,1,0,1,0.966666638851166,0.333333343267441,16,26,-10,0.5,0.866666674613953,-0.240030521092579,-0.228913295083447,-0.887931512912497
35,7,1,0,4,1,1,1,7,1,2,2,1,3,14,,,,,,,,0,1,1,1,0.5,0.333333343267441,3,26,-23,,,,,
19,6,0,1,0,1,1,1,5,1,13,3,1,18,14,0,0,0,0,0,1,15,1,0,1,1,0.16666667163372,0.966666638851166,14,26,-12,0.5,0.16666667163372,-0.240030521092579,-0.228913295083447,-0.887931512912497
23,6,1,0,2,1,1,1,18,1,11,2,1,12,14,0,0,1,0,0,1,5,1,0,0,1,0,0.966666638851166,12,26,-14,0.16666667163372,0.0333333350718021,1.73230042902495,2.98919963918281,2.33018142135376
30,7,1,1,3,1,1,1,22,1,7,4,1,6,14,,,,,,,,0,0,1,1,0.333333343267441,0.5,8,26,-18,,,,,
,6,1,1,2,1,1,1,7,1,10,2,1,6,14,,,,,,,,0,0,0,1,0.16666667163372,0.966666638851166,11,26,-15,,,,,
26,6,1,0,3,1,1,1,3,1,3,2,1,3,14,0,0,0,0,0,1,15,1,1,1,1,0.16666667163372,0.966666638851166,4,26,-22,0.5,0.5,-0.240030521092579,-0.228913295083447,-0.887931512912497
27,6,0,0,0,1,1,0,6,1,25,5,1,29,14,0,0,0,0,0,0,25,1,1,1,1,0.966666638851166,0,26,26,0,0.833333313465118,0.266666680574417,-1.16677475141007,-2.40143945385887,-0.887931512912497
35,6,0,0,3,1,1,0,10,1,20,2,1,21,14,0,0,0,0,0,0,15,1,0,1,1,0.966666638851166,0,21,26,-5,0.5,0.333333343267441,-2.41255667986801,-2.40143945385887,-0.887931512912497
35,7,1,1,3,1,1,0,27,0,5,4,1,29,14,,,,,,,,0,1,1,1,0.833333313465118,0.333333343267441,5,26,-21,,,,,
33,7,1,0,2,1,1,0,13,1,10,4,1,12,14,0,0,0,0,0,1,15,1,1,1,1,0.966666638851166,0.966666638851166,11,26,-15,0.5,0.333333343267441,-0.240030521092579,-0.228913295083447,-0.887931512912497
23,6,1,1,1,1,1,1,17,1,10,2,1,15,14,1,1,0,0,0,1,10,1,1,0,1,0.966666638851166,0.966666638851166,11,26,-15,0.333333343267441,0.5,2.7214143524628,3.3554225427009,2.69640432487185
35,7,1,1,1,0,1,0,15,1,13,4,1,17,14,,,,,,,,0,0,1,1,0.966666638851166,0.966666638851166,14,26,-12,,,,,
23,6,1,0,4,1,1,1,15,0,17,4,1,24,15,0,0,0,0,0,1,15,1,1,0,1,0.333333343267441,0.333333343267441,17,24.4444446563721,-7.44444465637207,0.5,1,-0.240030521092579,-0.228913295083447,-0.887931512912497
21,3,1,1,4,1,1,1,6,1,5,5,1,3,15,0,0,0,0,0,1,1,1,1,0,0,0.833333313465118,0.5,6,24.4444446563721,-18.4444446563721,0.0333333350718021,0.333333343267441,-1.98412531839258,-0.228913295083447,-0.887931512912497
20,6,1,0,2,0,1,1,6,1,12,3,1,14,15,0,0,0,0,0,1,5,1,1,1,1,0.833333313465118,0.666666686534882,13,24.4444446563721,-11.4444446563721,0.16666667163372,0.333333343267441,-1.48581250524131,-0.228913295083447,-0.887931512912497
26,6,1,0,1,1,1,1,10,1,15,2,1,7,15,,,,,,,,0,1,1,1,0.333333343267441,0.16666667163372,16,24.4444446563721,-8.44444465637207,,,,,
32,6,1,0,2,1,1,1,10,1,12,2,1,10,15,0,0,0,0,0,1,5,1,0,0,1,0.16666667163372,0.966666638851166,13,24.4444446563721,-11.4444446563721,0.16666667163372,0.0333333350718021,-1.48581250524131,-0.228913295083447,-0.887931512912497
25,6,1,1,1,1,0,0,9,1,11,4,1,14,15,0,0,0,0,0,1,10,1,1,1,1,0.333333343267441,0.666666686534882,12,24.4444446563721,-12.4444446563721,0.333333343267441,0.333333343267441,-0.862921485321545,-0.228913295083447,-0.887931512912497
35,6,1,1,5,1,1,1,23,1,19,3,1,29,15,0,0,0,0,0,1,15,1,1,1,1,0,0.833333313465118,20,24.4444446563721,-4.44444465637207,0.5,0.666666686534882,-0.240030521092579,-0.228913295083447,-0.887931512912497
21,6,1,0,0,1,1,1,24,0,24,5,1,24,15,0,0,0,0,0,1,5,1,0,1,1,0.833333313465118,0.833333313465118,24,24.4444446563721,-0.44444465637207,0.16666667163372,0.333333343267441,-1.48581250524131,-0.228913295083447,-0.887931512912497
27,7,1,1,2,1,0,1,22,1,22,3,1,22,15,1,1,0,0,0,1,0,1,0,0,1,0,0,23,24.4444446563721,-1.44444465637207,0,0.0666666701436043,1.47563231262328,3.3554225427009,2.69640432487185
29,3,1,1,3,1,1,1,8,1,7,2,1,5,15,1,1,0,0,0,1,25,1,0,1,0,0.5,0.16666667163372,8,24.4444446563721,-16.4444446563721,0.833333313465118,0.666666686534882,4.5900872451497,3.3554225427009,2.69640432487185
24,6,1,1,1,1,0,0,11,1,9,2,0,29,15,0,0,0,0,0,1,10,1,0,1,1,0.333333343267441,0,10,24.4444446563721,-14.4444446563721,0.333333343267441,0.533333361148834,-0.862921485321545,-0.228913295083447,-0.887931512912497
25,5,1,0,1,1,1,1,10,0,10,2,1,19,15,0,0,0,0,0,1,5,1,1,1,0,0.16666667163372,0.966666638851166,10,24.4444446563721,-14.4444446563721,0.16666667163372,0.333333343267441,-1.48581250524131,-0.228913295083447,-0.887931512912497
31,9,1,1,1,1,1,1,8,1,12,3,1,12,15,,,,,,,,0,0,0,1,0.333333343267441,0.966666638851166,13,24.4444446563721,-11.4444446563721,,,,,
32,5,1,0,3,1,1,0,19,1,11,4,1,13,15,0,0,1,0,0,1,11,1,0,1,0,0.833333313465118,0,12,24.4444446563721,-12.4444446563721,0.366666674613953,0.466666668653488,2.47976964179051,2.98919963918281,2.33018142135376
27,7,1,1,2,1,0,1,19,1,15,3,1,4,15,0,0,0,0,0,0,10,1,0,0,1,0,0,16,24.4444446563721,-8.44444465637207,0.333333343267441,0.5,-3.03544764409697,-2.40143945385887,-0.887931512912497
32,6,1,1,3,1,1,1,16,1,11,2,1,9,15,,,,,,,,0,0,1,1,0.833333313465118,0.16666667163372,12,24.4444446563721,-12.4444446563721,,,,,
27,7,1,0,1,1,1,1,5,0,4,2,1,13,15,,,,,,,,0,0,0,1,0.333333343267441,0.16666667163372,4,24.4444446563721,-20.4444446563721,,,,,
33,5,1,1,2,1,1,1,6,1,5,2,1,8,15,0,0,0,0,0,1,1,1,0,0,0,0.16666667163372,0.966666638851166,6,24.4444446563721,-18.4444446563721,0.0333333350718021,0.133333340287209,-1.98412531839258,-0.228913295083447,-0.887931512912497
22,8,0,1,3,1,1,0,10,1,7,2,1,9,15,0,0,0,0,0,0,2,1,0,0,1,0.666666686534882,0.966666638851166,8,24.4444446563721,-16.4444446563721,0.0666666701436043,0.0666666701436043,-4.03207327039951,-2.40143945385887,-0.887931512912497
27,3,1,0,1,1,1,1,24,1,14,1,1,27,15,0,0,0,0,0,1,13,1,0,0,0,0.333333343267441,0.16666667163372,15,24.4444446563721,-9.44444465637207,0.433333337306976,0.16666667163372,-0.489186906784166,-0.228913295083447,-0.887931512912497
33,7,1,0,2,0,0,0,5,1,15,3,1,18,15,,,,,,,,0,0,1,1,0.5,0.16666667163372,16,24.4444446563721,-8.44444465637207,,,,,
34,6,0,0,3,1,0,0,16,1,15,3,1,17,16,0,0,0,0,0,0,7,1,0,0,1,0.16666667163372,0.333333343267441,16,21.1111106872559,-5.11111068725586,0.233333334326744,0.400000005960464,-3.40918227832515,-2.40143945385887,-0.887931512912497
27,6,1,1,3,1,1,0,10,0,10,3,1,10,16,0,0,0,0,0,0,25,1,0,1,1,0,0.966666638851166,10,21.1111106872559,-11.1111106872559,0.833333313465118,0.466666668653488,-1.16677475141007,-2.40143945385887,-0.887931512912497
26,5,1,0,0,1,1,1,6,1,6,2,1,6,16,0,0,1,0,0,1,10,1,0,1,0,0.16666667163372,0.16666667163372,7,21.1111106872559,-14.1111106872559,0.333333343267441,0.5,2.35519144894471,2.98919963918281,2.33018142135376
30,6,1,1,1,1,1,0,1,1,4,2,1,3,16,0,0,0,0,0,1,5,1,0,0,1,0.16666667163372,0.16666667163372,5,21.1111106872559,-16.1111106872559,0.16666667163372,0.400000005960464,-1.48581250524131,-0.228913295083447,-0.887931512912497
33,7,1,0,11,1,1,0,6,1,7,3,1,6,16,0,0,0,0,0,0,6,1,0,0,1,0.966666638851166,0.966666638851166,8,21.1111106872559,-13.1111106872559,0.200000002980232,0.0333333350718021,-3.53376047117094,-2.40143945385887,-0.887931512912497
21,3,1,1,0,1,1,1,15,1,15,3,0,8,16,0,0,0,0,0,1,25,1,1,1,0,0.966666638851166,0.966666638851166,16,21.1111106872559,-5.11111068725586,0.833333313465118,0.833333313465118,1.00575140736535,-0.228913295083447,-0.887931512912497
31,6,1,1,3,1,1,0,6,0,20,3,1,18,16,,,,,,,,0,0,0,1,0.966666638851166,0,20,21.1111106872559,-1.11111068725586,,,,,
28,3,1,1,5,1,1,1,11,1,13,2,1,9,16,0,0,0,0,0,1,10,1,0,0,0,0.333333343267441,0.333333343267441,14,21.1111106872559,-7.11111068725586,0.333333343267441,0.5,-0.862921485321545,-0.228913295083447,-0.887931512912497
30,7,1,1,2,1,1,1,7,1,3,2,1,16,16,0,0,0,0,0,0,15,1,0,1,1,0.16666667163372,0.16666667163372,4,21.1111106872559,-17.1111106872559,0.5,0.5,-2.41255667986801,-2.40143945385887,-0.887931512912497
,7,1,1,2,1,0,0,17,0,19,4,0,15,16,0,0,0,0,0,1,10,1,0,1,1,0.333333343267441,0.966666638851166,19,21.1111106872559,-2.11111068725586,0.333333343267441,0.0666666701436043,-0.862921485321545,-0.228913295083447,-0.887931512912497
31,5,1,1,2,1,1,0,5,1,5,2,1,12,16,0,0,0,0,0,0,15,1,0,1,0,0,0,6,21.1111106872559,-15.1111106872559,0.5,0.600000023841858,-2.41255667986801,-2.40143945385887,-0.887931512912497
28,6,1,0,2,1,1,1,10,0,6,2,0,6,16,0,0,0,0,0,1,26,1,0,1,1,0,0.966666638851166,6,21.1111106872559,-15.1111106872559,0.866666674613953,0.5,1.13032971159274,-0.228913295083447,-0.887931512912497
33,6,1,0,3,1,1,1,20,1,20,3,1,27,16,0,0,0,0,0,0,14,1,0,1,1,0.966666638851166,0.966666638851166,21,21.1111106872559,-0.111110687255859,0.466666668653488,0.333333343267441,-2.5371348727138,-2.40143945385887,-0.887931512912497
30,7,1,0,2,1,1,0,6,1,13,3,1,28,16,0,0,0,0,0,1,5,1,0,0,1,0.833333313465118,0.5,14,21.1111106872559,-7.11111068725586,0.16666667163372,0,-1.48581250524131,-0.228913295083447,-0.887931512912497
35,7,1,0,2,0,1,0,0,0,10,4,1,10,16,0,0,0,0,0,1,5,1,0,1,1,0,0,10,21.1111106872559,-11.1111106872559,0.16666667163372,0,-1.48581250524131,-0.228913295083447,-0.887931512912497
20,5,1,1,0,1,0,0,10,0,0,5,1,15,16,,,,,,,,0,0,1,0,0.16666667163372,0.966666638851166,0,21.1111106872559,-21.1111106872559,,,,,
22,4,1,1,1,1,1,0,17,0,12,2,1,29,16,,,,,,,,0,0,0,0,0.966666638851166,0.833333313465118,12,21.1111106872559,-9.11111068725586,,,,,
30,7,1,1,2,1,1,1,7,0,6,2,1,6,16,0,0,0,0,0,1,8,1,0,0,1,0.16666667163372,0.16666667163372,6,21.1111106872559,-15.1111106872559,0.266666680574417,0.333333343267441,-1.11207787101313,-0.228913295083447,-0.887931512912497
21,6,1,1,2,1,1,0,1,1,14,2,1,6,16,0,0,0,0,0,1,10,1,1,0,1,0.966666638851166,0.16666667163372,15,21.1111106872559,-6.11111068725586,0.333333343267441,0.5,-0.862921485321545,-0.228913295083447,-0.887931512912497
,2,0,0,8,1,1,1,10,0,15,3,0,14,17,,,,,,,,0,0,1,0,0.666666686534882,0.5,15,21.25,-6.25,,,,,
27,6,1,1,11,1,0,1,1,1,1,1,1,1,17,,,,,,,,0,0,1,1,0.966666638851166,0.16666667163372,2,21.25,-19.25,,,,,
33,7,1,0,3,0,1,1,25,0,18,3,1,29,17,0,0,0,0,0,0,9,1,0,1,1,0.666666686534882,0.16666667163372,18,21.25,-3.25,0.300000011920929,0.16666667163372,-3.16002583694277,-2.40143945385887,-0.887931512912497
31,5,1,0,2,1,0,0,21,1,10,4,1,20,17,,,,,,,,0,0,1,0,0.16666667163372,0.16666667163372,11,21.25,-10.25,,,,,
32,7,1,0,1,1,0,1,20,0,9,4,0,10,17,0,0,0,0,0,0,10,1,0,1,1,0.16666667163372,0.16666667163372,9,21.25,-12.25,0.333333343267441,0.100000001490116,-3.03544764409697,-2.40143945385887,-0.887931512912497
26,6,1,0,2,1,1,1,23,1,7,3,1,16,17,,,,,,,,0,0,1,1,0.333333343267441,0.966666638851166,8,21.25,-13.25,,,,,
27,7,1,1,3,1,1,1,10,1,9,3,1,9,17,0,0,0,0,0,0,12,1,0,0,1,0,0,10,21.25,-11.25,0.400000005960464,,-2.78629125840539,-2.40143945385887,-0.887931512912497
30,7,1,1,3,0,1,1,11,1,13,3,1,12,17,0,0,0,0,0,1,15,1,1,1,1,0,0,14,21.25,-7.25,0.5,0.333333343267441,-0.240030521092579,-0.228913295083447,-0.887931512912497
31,7,0,0,2,1,1,0,4,1,12,3,1,13,17,0,0,0,0,0,0,4,1,0,1,1,0.16666667163372,0,13,21.25,-8.25,0.133333340287209,0.100000001490116,-3.78291685686253,-2.40143945385887,-0.887931512912497
29,6,1,0,3,0,0,1,29,0,12,3,1,18,17,0,0,0,0,0,1,5,1,0,0,1,0,0.966666638851166,12,21.25,-9.25,0.16666667163372,0.266666680574417,-1.48581250524131,-0.228913295083447,-0.887931512912497
26,6,1,1,1,1,1,1,26,1,18,3,1,16,17,0,0,0,0,0,1,5,1,0,0,1,0.966666638851166,0.966666638851166,19,21.25,-2.25,0.16666667163372,0.833333313465118,-1.48581250524131,-0.228913295083447,-0.887931512912497
25,6,1,0,0,1,1,1,20,1,15,3,1,18,17,0,0,0,0,0,0,10,1,0,0,1,0,0,16,21.25,-5.25,0.333333343267441,0.333333343267441,-3.03544764409697,-2.40143945385887,-0.887931512912497
30,7,1,0,0,1,0,0,20,1,10,3,1,15,17,0,0,0,0,0,1,15,1,0,0,1,0.16666667163372,0.16666667163372,11,21.25,-10.25,0.5,0.666666686534882,-0.240030521092579,-0.228913295083447,-0.887931512912497
25,5,1,1,2,0,0,0,29,1,29,3,0,3,1021,,,,,,,,0,0,1,0,0.966666638851166,0.16666667163372,30,30,0,,,,,
25,5,1,1,1,0,0,0,12,1,15,3,0,9,1023,,,,,,,,0,0,1,0,0.966666638851166,0.966666638851166,16,30,-14,,,,,
25,6,1,1,3,1,1,1,29,1,29,5,1,29,1132,,,,,,,,0,0,1,1,0.333333343267441,0.966666638851166,30,30,0,,,,,
22,9,1,1,1,1,1,1,5,1,11,3,1,18,1145,,,,,,,,0,0,1,1,0.16666667163372,0.16666667163372,12,30,-18,,,,,
24,6,1,1,0,0,0,0,0,1,23,4,1,13,1175,,,,,,,,0,0,0,1,0,0,24,30,-6,,,,,
26,5,1,1,2,1,1,1,25,1,27,5,1,29,1176,,,,,,,,0,0,0,0,0.966666638851166,0.16666667163372,28,30,-2,,,,,
25,5,1,1,1,1,1,1,14,1,29,3,1,13,1177,,,,,,,,0,0,0,0,0.5,0.333333343267441,30,30,0,,,,,
30,6,1,1,0,1,1,0,13,1,28,5,1,29,1180,,,,,,,,0,0,0,1,0,0,29,30,-1,,,,,
25,7,1,1,2,1,1,1,26,1,29,5,1,27,1202,,,,,,,,0,1,1,1,0.966666638851166,0.666666686534882,30,30,0,,,,,
25,5,1,1,1,1,1,0,19,1,22,5,1,0,1208,,,,,,,,0,0,1,0,0.966666638851166,0.966666638851166,23,30,-7,,,,,
25,3,1,1,2,1,1,1,22,1,20,4,1,21,1242,,,,,,,,0,1,0,0,0.666666686534882,0.833333313465118,21,30,-9,,,,,
25,5,1,1,2,1,1,1,29,1,29,5,1,29,1245,,,,,,,,0,0,0,0,0.966666638851166,0.966666638851166,30,30,0,,,,,
24,6,1,0,0,1,1,0,1,1,0,1,0,4,1266,,,,,,,,0,0,0,1,0.833333313465118,0.5,1,30,-29,,,,,
24,6,1,1,2,1,1,1,19,1,16,3,1,12,1331,,,,,,,,0,0,0,1,0.16666667163372,0.16666667163372,17,30,-13,,,,,
28,6,1,1,2,1,1,1,16,1,20,3,1,21,1336,,,,,,,,0,0,0,1,0.5,0.333333343267441,21,30,-9,,,,,
23,6,1,1,0,1,1,0,10,1,11,2,1,10,1371,,,,,,,,0,0,0,1,0,0,12,30,-18,,,,,
23,5,1,1,1,0,0,1,20,1,20,3,1,20,1380,,,,,,,,0,1,0,0,0.5,0.16666667163372,21,30,-9,,,,,
30,5,1,0,3,1,1,0,3,1,11,4,0,9,1419,,,,,,,,0,0,0,0,0.333333343267441,0.16666667163372,12,30,-18,,,,,
23,8,1,1,2,1,1,0,12,0,0,2,1,22,1433,,,,,,,,0,0,0,1,0.5,0.5,0,0,0,,,,,
21,6,1,1,3,1,1,0,10,1,4,2,0,6,1483,,,,,,,,0,0,1,1,0.333333343267441,0.333333343267441,5,30,-25,,,,,
30,7,1,1,0,1,1,1,27,1,28,4,1,28,1492,,,,,,,,0,0,0,1,0.16666667163372,0.833333313465118,29,30,-1,,,,,
29,6,1,0,1,1,0,1,17,1,20,3,1,13,1497,,,,,,,,0,0,1,1,0.666666686534882,0.333333343267441,21,30,-9,,,,,
30,6,1,1,3,1,0,0,25,1,20,1,1,29,1500,,,,,,,,0,1,0,1,0,0,21,30,-9,,,,,
